sample_id,reference,baseline,candidate
61-70968-0043,FRIENDS SAID MONTFICHET FAINTLY TO THE WRESTLERS BEAR US ESCORT SO FAR AS THE SHERIFF'S HOUSE,Friends said Montfiche faintly to the wrestlers. Bear us escort so far as the sheriff's house.,Friends said Montfiche faintly to the wrestlers. Bear us escort so far as the sheriff's house.
121-127105-0014,YOU ARE ACUTE,You are a cute.,You are a cute.
237-126133-0008,ASKED PHRONSIE WITH HER LITTLE FACE CLOSE TO POLLY'S OWN,asked Fronsey with her little face close to Polly's own.,asked Fronsey with her little face close to Polly's own.
260-123288-0006,THE ATMOSPHERE IS EVIDENTLY CHARGED AND SURCHARGED WITH ELECTRICITY,The atmosphere has evidently charged and surcharged with electricity.,The atmosphere has evidently charged and surcharged with electricity.
672-122797-0023,HE WELL KNEW THAT HE SHOULD NEVER SEE HIS DEAR OLD COMRADES THE LITTLE BUSHES AND FLOWERS AROUND HIM ANYMORE PERHAPS NOT EVEN THE BIRDS,"He will knew that he should never see his dear old comrades, the little bushes and flowers around him anymore. Perhaps not even the birds.","He will knew that he should never see his dear old comrades, the little bushes and flowers around him anymore. Perhaps not even the birds."
908-157963-0027,AND LAY ME DOWN IN THY COLD BED AND LEAVE MY SHINING LOT,and lay me down and I cold bed and leave my shining lot.,and lay me down and I cold bed and leave my shining lot.
1089-134691-0007,SOON THE WHOLE BRIDGE WAS TREMBLING AND RESOUNDING,Soon the whole bridge was trembling and resounding.,Soon the whole bridge was trembling and resounding.
1188-133604-0028,WELL THEN LAST HERE IS TURNER'S GREEK SCHOOL OF THE HIGHEST CLASS AND YOU DEFINE HIS ART ABSOLUTELY AS FIRST THE DISPLAYING INTENSELY AND WITH THE STERNEST INTELLECT OF NATURAL FORM AS IT IS AND THEN THE ENVELOPMENT OF IT WITH CLOUD AND FIRE,"Well then, last, here is Turner's. Greek school of the highest class. And you define his art absolutely, as first the displaying intensely and with the sternest intellect of natural form as it is. And then the envelopment of it with cloud and fire.","Well then, last, here is Turner's. Greek school of the highest class. And you define his art absolutely as first the displaying intensely and with the sternest intellect of natural form as it is. And then the envelopment of it with cloud and fire."
1221-135767-0017,ON THE TABLE IN TOKEN THAT THE SENTIMENT OF OLD ENGLISH HOSPITALITY HAD NOT BEEN LEFT BEHIND STOOD A LARGE PEWTER TANKARD AT THE BOTTOM OF WHICH HAD HESTER OR PEARL PEEPED INTO IT THEY MIGHT HAVE SEEN THE FROTHY REMNANT OF A RECENT DRAUGHT OF ALE,"On the table, in token that the sentiment of old English hospitality had not been left behind, stood a large pewter tankard at the bottom of which had hester or pearl peeped into it, they might have seen the frothy remnant of a recent draft of ale.","On the table, in token that the sentiment of old English hospitality had not been left behind, stood a large pewter tankard, at the bottom of which had hester or pearl peeped into it, they might have seen the frothy remnant of a recent draft of ale."
1284-1180-0013,AND YOU MUST BE OJO THE UNLUCKY SHE ADDED,"And you must be Ojodia and Lucky, she added.","And you must be Ojo the unlucky, she added."
1320-122617-0009,I GREATLY MOURN THAT ONE SO WELL DISPOSED SHOULD DIE IN HIS IGNORANCE AND I HAVE SOUGHT A GOODLY HYMN CAN YOU LEAD ME TO HIM,"I greatly mourn that one so well disposed should die in his ignorance, and I have sought a goodly him. Can you lead me to him?","I greatly mourn that one so well disposed should die in his ignorance, and I have sought a goodly him. Can you lead me to him?"
1580-141083-0023,ONE COULD HARDLY HOPE FOR ANY UPON SO DRY A DAY,One could hardly hope for any upon so dry a day.,One could hardly hope for any upon so dry a day.
1995-1837-0009,THE LAGOON HAD BEEN LEVEL WITH THE DYKES A WEEK AGO AND NOW,"The lagoon had been level with the dykes a week ago, and now...","The lagoon had been level with the dykes a week ago, and now..."
2094-142345-0035,BUT NOT MORE THAN WHAT'S IN THE BIBLE AUNT SAID DINAH,But not more than what's in the Bible and said Dina.,But not more than what's in the Bible and said Dina.
2300-131720-0016,THEN AGAIN THERE WAS NO KNOWN WAY TO LUBRICATE AN ENGINE FOR CONTINUOUS RUNNING AND MISTER EDISON INFORMED ME THAT AS A MARINE ENGINE STARTED BEFORE THE SHIP LEFT NEW YORK AND CONTINUED RUNNING UNTIL IT REACHED ITS HOME PORT SO AN ENGINE FOR HIS PURPOSES MUST PRODUCE LIGHT AT ALL TIMES,"Then again there was no known way to lubricate an engine for continuous running. And Mr. Edison informed me that, as a marine engine started before the ship left New York and continued running until it reached its home port, so an engine for his purposes must produce light at all times.","Then again there was no known way to lubricate an engine for continuous running. And Mr. Edison informed me that, as a marine engine started before the ship left New York and continued running until it reached its home port, so an engine for his purposes must produce light at all times."
2830-3980-0020,THIS IS NO SINFUL PRIDE IT IS HOLY PRIDE,This is no sinful pride. It is holy pride.,This is no sinful pride. It is holy pride.
2961-961-0016,I WILL BRIEFLY DESCRIBE THEM TO YOU AND YOU SHALL READ THE ACCOUNT OF THEM AT YOUR LEISURE IN THE SACRED REGISTERS,I will briefly describe them to you and shall read the account of them at your leisure in the sacred registers.,I will briefly describe them to you and shall read the account of them at your leisure in the sacred registers.
3570-5694-0007,IT HAS EVEN HAPPENED THAT THE NAME FOR CERTAIN DISEASED CONDITIONS OF THE BODY ARISING FROM SUCH AN ORIGIN HAS PASSED INTO EVERYDAY SPEECH AS A SYNONYM FOR NOBLE OR GENTLE,It has even happened that the name for certain diseased conditions of the body arising from such an origin has passed into everyday speech as a synonym for noble or gentle.,It has even happened that the name for certain diseased conditions of the body arising from such an origin has passed into everyday speech as a synonym for noble or gentle.
3575-170457-0019,I HAD NOT VENTURED TO HOPE FOR SUCH A REPLY SO CONSIDERATE IN ITS TONE SO NOBLE IN ITS SPIRIT,"I have not ventured to hope for such a reply, so consider it in its tone, so noble in its spirit.","I have not ventured to hope for such a reply, so consider it in its tone, so noble in its spirit."
3729-6852-0042,I AM A VERY UNPLEASANT PUPIL ALWAYS ASKING QUESTIONS CURIOUS TROUBLESOME INSATIABLE AND EVEN SUPPOSING THAT I COULD MEET WITH THE TEACHER I REQUIRE I AM AFRAID I AM NOT RICH ENOUGH TO PAY HIM,"I am a very unpleasant pupil, always asking questions, curious, troublesome, insatiable, and even supposing that I couldn't meet with the teacher I require. I am afraid I am not rich enough to pay him.""","I am a very unpleasant pupil, always asking questions, curious, troublesome, insatiable, and even supposing that I couldn't meet with the teacher I require. I am afraid I am not rich enough to pay him."""
4077-13751-0010,TO THE FERVENT LATTER DAY SAINT A TEMPLE IS NOT SIMPLY A CHURCH BUILDING A HOUSE FOR RELIGIOUS ASSEMBLY,"To the fervent Latter-day Saint, a temple is not simply a church building, a house for religious assembly.","To the fervent Latter-day Saint, a temple is not simply a church building, a house for religious assembly."
4446-2271-0006,HE'S BEEN WANTING TO MARRY HILDA THESE THREE YEARS AND MORE,He's been wanting to marry Hilda these three years and more.,He's been wanting to marry Hilda these three years and more.
4507-16021-0030,ASSUREDLY IF THE TONGUE WHICH A NATION OR A PROVINCE HAS SPOKEN IS WORTHY OF INTEREST THE LANGUAGE WHICH HAS BEEN SPOKEN BY A MISERY IS STILL MORE WORTHY OF ATTENTION AND STUDY,"assuredly. If the tongue, which a nation or a province, has spoken, is worthy of interest, the language which has been spoken by a misery is still more worthy of attention and study.","assuredly. If the tongue which a nation or a province has spoken is worthy of interest, the language which has been spoken by a misery is still more worthy of attention and study."
4970-29095-0015,IF I CAN GET PATIENTS,If I can get patients.,If I can get patients.
4992-41797-0001,WELL AS I SAY IT'S AN AWFUL QUEER WORLD THEY CLAP ALL THE BURGLARS INTO JAIL AND THE MURDERERS AND THE WIFE BEATERS I'VE ALLERS THOUGHT A GENTLE REPROOF WOULD BE ENOUGH PUNISHMENT FOR A WIFE BEATER CAUSE HE PROBABLY HAS A LOT O PROVOCATION THAT NOBODY KNOWS AND THE FIREBUGS CAN'T THINK O THE RIGHT NAME SOMETHING LIKE CENDENARIES AN THE BREAKERS O THE PEACE AN WHAT NOT AN YET THE LAW HAS NOTHIN TO SAY TO A MAN LIKE HEN LORD,"Well, as I say, it's an awful queer world. They clap all the burglars and jail and the murderers and the wife beaters. I all are thought a jail will be proof of enough punishment for a wife beater, because he probably has a lot of provocation that nobody knows. And the fire bugs can't think of the right name something like cendiaries. And the breakers of the piece and whatnot, and yet the law has nothing to say to a man like hand lord.","Well, as I say, it's an awful queer world. They clap all the burglars in jail and the murderers and the wife-beaters. I all are thought a general reprieve would be enough punishment for a wife-beater, because he probably has a lot of provocation that nobody knows. And the fire bugs can't think of the right name something like cendiaries. And the breakers of the piece and whatnot, and yet the law has nothing to say to a man like him, Lord."
5105-28240-0022,IT WAS ON THE LAST DAY OF JANUARY THAT THE REPAIRS OF THE SCHOONER WERE COMPLETED,It was on the last day of January that the repairs of the schooner were completed.,It was on the last day of January that the repairs of the schooner were completed.
5142-36377-0005,THE DOOR OPENED AGAIN WHILE I WAS STILL STUDYING THE TWO BROTHERS WITHOUT I HONESTLY CONFESS BEING VERY FAVORABLY IMPRESSED BY EITHER OF THEM,"The door opened again while I was still studying the two brothers. Without, I honestly confess, being very favorably impressed by either of them.","The door opened again while I was still studying the two brothers. Without, I honestly confess, being very favorably impressed by either of them."
5639-40744-0032,FOR GOD'S SAKE MY LADY MOTHER GIVE ME A WIFE WHO WOULD BE AN AGREEABLE COMPANION NOT ONE WHO WILL DISGUST ME SO THAT WE MAY BOTH BEAR EVENLY AND WITH MUTUAL GOOD WILL THE YOKE IMPOSED ON US BY HEAVEN INSTEAD OF PULLING THIS WAY AND THAT WAY AND FRETTING EACH OTHER TO DEATH,"For God's sake, my lady mother gave me a wife who would be in agreeable companion. Not one who will discuss me so that we may both bear evenly and with mutual goodwill, the yoke imposed on us by heaven. Instead of pulling this way and that way, I am fretting each other to death.","For God's sake, my lady mother gave me a wife who would be an agreeable companion. Not one who will discuss me so that we may both bear evenly and with mutual goodwill, the yoke imposed on us by heaven. Instead of pulling this way and that way, I am fretting each other to death."
5683-32866-0003,IN THE MEANTIME I HAD FORMED A NEW IDEA OF HER,"In the meantime, I had formed a new idea of her.","In the meantime, I had formed a new idea of her."
6829-68769-0037,I'VE SEEN LOTS OF THAT KIND IN MY DAY,I've seen lots of that going to my day.,I've seen lots of that going to my day.
6930-81414-0024,MY TONGUE REFUSED TO ARTICULATE MY POWER OF SPEECH LEFT ME,My tongue refused to articulate my power of speech left me.,My tongue refused to articulate my power of speech left me.
7021-85628-0012,BUT YOU MUST NOT EAT WITH YOUR CAP ON YOUR HEAD SHE SAID AND WAS GOING TO TAKE IT OFF,"But you must not eat with your cap on your head, she said, and was going to dig it off.","But you must not eat with your cap on your head, she said, and was going to dig it off."
7127-75947-0028,QUICK QUICK THEN AMONG THE HIGH REED GRASS SAID MONTALAIS STOOP ATHENAIS YOU ARE SO TALL,"Quick, quick then, among the high readgrass said Montile. Stoop, Athenae, you are so tall.","Quick, quick, then, among the high-read grass said Montile. Stoop, Athenae, you are so tall."
7176-92135-0002,BUT EVEN THE UNSUCCESSFUL DRAMATIST HAS HIS MOMENTS,But even the unsuccessful dramatist has his moments.,But even the unsuccessful dramatist has his moments.
7729-102255-0029,TEN DAYS WERE CONSUMED IN THESE NEGOTIATIONS BUT THE SPIRIT OF VENGEANCE REFUSED TO YIELD,"10 days were consumed in these negotiations, but the spirit of vengeance refused to yield.","10 days were consumed in these negotiations, but the spirit of vengeance refused to yield."
8224-274381-0015,THOUGH THE DISCIPLINE OF THE FORMER PARLIAMENTARY ARMY WAS NOT CONTEMPTIBLE A MORE EXACT PLAN WAS INTRODUCED AND RIGOROUSLY EXECUTED BY THESE NEW COMMANDERS,"Though the discipline of the former parliamentary army was not contemptible, a more exact plan was introduced and rigorously executed by these new commanders.","Though the discipline of the former parliamentary army was not contemptible, a more exact plan was introduced and rigorously executed by these new commanders."
8230-279154-0016,IN ACTUAL FACT THERE ARE DOUBTLESS VARIOUS FACTORS THAT CONCUR IN GIVING US THE FEELING OF GREATER OR LESS REMOTENESS IN SOME REMEMBERED EVENT,"In actual fact, there are doubtless various factors that concur in giving us the feeling of greater or less remoteness in some remembered event.","In actual fact, there are doubtless various factors that concur in giving us the feeling of greater or less remoteness in some remembered event."
8455-210777-0063,TO DAY I SHOUTED,Today I shouted.,Today I shouted.
8463-294828-0035,AND SO IF I'D BEEN DELAYED BY A QUARTER OF AN HOUR OR EVEN LESS THE FRIGATE WOULD HAVE GONE WITHOUT ME AND I WOULD HAVE MISSED OUT ON THIS UNEARTHLY EXTRAORDINARY AND INCONCEIVABLE EXPEDITION WHOSE TRUE STORY MIGHT WELL MEET WITH SOME SKEPTICISM,"And so, if I had been delayed by a quarter of an hour or even less, the frigate would have gone without me, and I would have messed out on this unearthly, extraordinary and inconceivable expedition, whose true story might well meet with some skepticism.","And so, if I had been delayed by a quarter of an hour or even less, the frigate would have gone without me, and I would have messed out on this unearthly, extraordinary and inconceivable expedition, whose true story might well meet with some skepticism."
8555-284447-0014,THE IDEA OF PATCHING CAP'N BILL TO A GOAT WAS VASTLY AMUSING TO HIM AND THE MORE HE THOUGHT OF IT THE MORE HE ROARED WITH LAUGHTER,"The idea of patching Cat and Bill to a goat was vastly amusing to him. And the more he thought of it, the more he roared with laughter.","The idea of patching Cat and Bill to a goat was vastly amusing to him. And the more he thought of it, the more he roared with laughter."
